,baseline,l1_trib,l2_trib,l3_trib,l4_trib
0,"{'flood_DERP_RW_H_4326_2080428500': {}, 'flood_DERP_RW_H_4326_2080430240': {84: (115673.03879291874, 115673.03879291874), 413: (0.0, 86109.99662317893), 432: (106487.21074190749, 125788.60614068358), 495: (152415.22609289526, 152415.22609289526), 505: (0.0, 87525.99778686688), 559: (4781.818815688282, 44178.22446539111), 666: (0.0, 1034.318536922596)}, 'flood_DERP_RW_H_4326_2080430320': {2: (0, 0), 204: (28782.330972475404, 28782.330972475404), 205: (31786.262483636583, 31786.262483636583), 207: (0, 0), 208: (0, 0), 211: (0, 0), 265: (0.0, 828.5059042902571), 356: (64194.13041511438, 73628.7775475856), 402: (0.0, 15933.308657628524), 405: (0.0, 5579.056316271717), 434: (33246.4091548187, 33246.4091548187), 442: (0, 0), 511: (0, 0), 512: (0, 0), 551: (0.0, 15510.52622336408), 643: (7502.694855931222, 7502.694855931222), 654: (0, 0), 655: (57780.29359790789, 61577.869727238336), 656: (0, 0), 661: (0, 0)}, 'flood_DERP_RW_L_4326_2080428500': {8: (0.0, 52671.417064512265), 75: (1718.157612572005, 4841.168348507181), 79: (353.9830576852983, 1937.1097977859818), 82: (0.0, 86.53392017768994), 204: (0.0, 28958.186352454504), 209: (0.0, 1132421.985446171), 210: (0.0, 115079.4230441183), 213: (0.0, 2397937.851459008), 214: (63312.62622071872, 152857.7054344131), 219: (0.0, 50384.189469513236), 226: (5207.788032465877, 12156.163984034287), 232: (0.0, 240.11948286596387), 433: (0.0, 1509661.1725061266), 457: (0.0, 56893.8071275022), 460: (16421.418007710312, 78837.83188976938), 461: (0.0, 21832.7640748584), 472: (387.90914237937676, 2063.4106160952374), 473: (2748.7477335902086, 15021.301986376724), 498: (0.0, 148610.2340193458), 530: (66757.88069242873, 343695.7054296054), 531: (53430.620766178174, 388101.3118957608), 532: (54065.05817071042, 244971.761397769), 552: (0.0, 47010.884399431176), 616: (46433.44496175789, 72759.53888393546), 617: (2947.2979430498935, 8375.681345136565), 645: (0.0, 1234309.0022093037), 646: (0.0, 26563.041999817055), 647: (0.0, 1117602.4552028077)}, 'flood_DERP_RW_L_4326_2080430240': {0: (1891788.1278912418, 1891788.1278912418), 84: (5325801.469514597, 12762439.36665998), 112: (48176.11726754758, 48176.11726754758), 180: (454549.74232764286, 504099.67118902836), 182: (193722.31675646926, 248319.98389298993), 195: (8896.61187904701, 59889.37074485277), 197: (713558.3445898617, 2956477.7403533617), 198: (205645.6561893138, 896747.6870870057), 199: (9353309.730141923, 9353309.730141923), 200: (691147.4064916914, 691147.4064916914), 394: (884.0365908440513, 5918.1887265142295), 413: (612799.9512824888, 612799.9512824888), 432: (11068126.234868951, 17356280.081934575), 441: (24621.92897593368, 34374.8252162877), 495: (3559602.605903199, 11593081.374405136), 505: (1194680.844805311, 1194680.844805311), 507: (790715.1308531873, 3001930.1179379667), 508: (1379097.6908322563, 4549800.045453526), 559: (4781.818815688282, 88512.97648949384), 603: (1858104.2976520334, 1858104.2976520334), 604: (8504.801333192754, 17947.668385679804), 614: (2418546.779788723, 3570709.222424342), 615: (4813012.140222147, 4813012.140222147), 651: (5527589.293621615, 8926595.996990152), 666: (2244099.532676097, 3472058.224071134)}, 'flood_DERP_RW_L_4326_2080430320': {2: (385107.26296556083, 385220.0331872591), 10: (0.0, 9538.458540781243), 201: (0.0, 197168.74271752097), 202: (12128.711987763007, 27918.633579702564), 204: (17927.794149336838, 28404.373856834995), 205: (15900.8396312968, 36734.128327888175), 207: (646205.9420160023, 646205.9420160023), 208: (217827.43716368463, 218626.78421942232), 211: (373411.84786910715, 382370.94085948047), 212: (11999.26778318863, 76981.95816527182), 264: (0.0, 51618.47910117752), 265: (475914.59778307244, 1391200.5781817173), 356: (1113630.1065216938, 2687265.52939017), 401: (0.0, 2590.1234807619157), 402: (0.0, 44551.457093484765), 403: (1390910.7287675939, 3952157.1914840136), 404: (1305120.6429524194, 4527549.546806867), 405: (0.0, 100133.18923013467), 406: (0.0, 3207.504370694001), 434: (22423.417245880995, 106827.30866516242), 442: (1196078.339342865, 1211350.3444509907), 497: (0.0, 6185.008003843068), 511: (211170.23248667765, 212072.2890582114), 512: (386564.25668007944, 386564.25668007944), 517: (0.0, 194472.57433689153), 551: (0.0, 106790.42946164144), 555: (0.0, 37453.42677581472), 614: (5538.088438649334, 54559.869293778924), 622: (128385.74995693775, 272473.07958319015), 643: (12207.343995472314, 78717.70987959874), 644: (10594.921892630493, 166900.51332338995), 653: (291022.463526562, 1072136.0725308575), 654: (5698.918907314445, 7143.329509063051), 655: (683705.4367836174, 986148.158011614), 656: (9717.489740619087, 27330.64305475793), 658: (15889.780227378225, 196008.18868698375), 659: (0.0, 9569.855905245477), 660: (337771.9025259453, 730035.290079697), 661: (2868.9815084517513, 9022.164799650294), 662: (60659.439637700176, 193721.53492513933), 663: (0.0, 9615.24500420829), 666: (8924.441761974407, 70287.0843839086)}, 'flood_DERP_RW_M_4326_2080428500': {}, 'flood_DERP_RW_M_4326_2080430240': {0: (344513.58020321076, 1780258.4295141476), 84: (173419.5615331143, 750019.6989298416), 198: (0.0, 148707.0268339842), 199: (1805525.4970676764, 8897642.683158875), 200: (133416.33075953016, 133416.33075953016), 394: (80.02883068225577, 1753.12230635849), 413: (118292.45139576652, 612799.9512824888), 432: (1241181.4491461494, 4712807.517625773), 441: (15561.881478141886, 29151.95140469573), 495: (155578.42090072896, 526643.0017889108), 505: (230616.41155783797, 1194680.844805311), 559: (4781.8188121395815, 44072.47255988558), 603: (358681.02120155795, 1858104.2976520334), 604: (8504.801333640296, 15784.661997699659), 614: (505288.63574603136, 1237475.5315299102), 615: (929084.6114999224, 3264508.401032808), 651: (740259.0635409814, 2472766.300766291), 666: (482764.18609276344, 1546356.981817564)}, 'flood_DERP_RW_M_4326_2080430320': {2: (0, 0), 10: (0.0, 9538.458526949089), 201: (0.0, 48656.356492028965), 202: (1925.40409057373, 12128.712068542514), 204: (23355.062863601008, 23355.062863601008), 205: (26693.278765549887, 26693.278765549887), 207: (0, 0), 208: (0, 0), 211: (0, 0), 212: (1074.0970223210452, 24580.976344370927), 265: (0.0, 1864.4011210481683), 356: (64432.02289807571, 179497.6424272012), 402: (0.0, 32622.205745169387), 403: (0.0, 71593.07057404262), 404: (2797.285607656744, 212624.4742819368), 405: (0.0, 15038.941341304195), 434: (33246.409360439444, 52078.19817919197), 442: (0, 0), 497: (0.0, 6185.007996105462), 511: (0, 0), 512: (0, 0), 517: (0.0, 51813.23169499447), 551: (0.0, 56683.08854578779), 614: (1712.1502646565732, 5538.088420049236), 643: (53687.08144666885, 53687.08144666885), 644: (9814.36975592241, 34623.63346211864), 653: (0.0, 43024.443555054466), 654: (0, 0), 655: (58470.17619531751, 75122.53546496358), 656: (0, 0), 661: (0, 0), 662: (0.0, 3150.0785461512414), 666: (1201.1575117066966, 7274.85232395877)}}","{'flood_DERP_RW_H_4326_2080428500': {}, 'flood_DERP_RW_H_4326_2080430240': {84: (115673.03879291874, 115673.03879291874), 413: (0.0, 86109.99662317893), 432: (106487.21074190749, 125788.60614068358), 495: (152415.22609289526, 152415.22609289526), 505: (0.0, 87525.99778686688), 559: (4781.818815688282, 44178.22446539111), 666: (0.0, 1034.318536922596)}, 'flood_DERP_RW_H_4326_2080430320': {2: (0, 0), 204: (28782.330972475404, 28782.330972475404), 205: (31786.262483636583, 31786.262483636583), 207: (0, 0), 208: (0, 0), 211: (0, 0), 265: (0, 0), 356: (0, 0), 402: (0, 0), 405: (0, 0), 434: (33246.4091548187, 33246.4091548187), 442: (0, 0), 511: (0, 0), 512: (0, 0), 551: (0, 0), 643: (0, 0), 654: (0, 0), 655: (0, 0), 656: (0, 0), 661: (0, 0)}, 'flood_DERP_RW_L_4326_2080428500': {8: (0.0, 52671.417064512265), 75: (1718.157612572005, 4841.168348507181), 79: (353.9830576852983, 1937.1097977859818), 82: (0.0, 86.53392017768994), 204: (0.0, 28958.186352454504), 209: (0.0, 1132421.985446171), 210: (0.0, 115079.4230441183), 213: (0.0, 2397937.851459008), 214: (63312.62622071872, 152857.7054344131), 219: (0.0, 50384.189469513236), 226: (5207.788032465877, 12156.163984034287), 232: (0.0, 240.11948286596387), 433: (0.0, 1509661.1725061266), 457: (0.0, 56893.8071275022), 460: (16421.418007710312, 78837.83188976938), 461: (0.0, 21832.7640748584), 472: (387.90914237937676, 2063.4106160952374), 473: (2748.7477335902086, 15021.301986376724), 498: (0.0, 148610.2340193458), 530: (66757.88069242873, 343695.7054296054), 531: (53430.620766178174, 388101.3118957608), 532: (54065.05817071042, 244971.761397769), 552: (0.0, 47010.884399431176), 616: (46433.44496175789, 72759.53888393546), 617: (2947.2979430498935, 8375.681345136565), 645: (0.0, 1234309.0022093037), 646: (0.0, 26563.041999817055), 647: (0.0, 1117602.4552028077)}, 'flood_DERP_RW_L_4326_2080430240': {0: (1891788.1278912418, 1891788.1278912418), 84: (5325801.469514597, 12762439.36665998), 112: (48176.11726754758, 48176.11726754758), 180: (454549.74232764286, 504099.67118902836), 182: (193722.31675646926, 248319.98389298993), 195: (8896.61187904701, 59889.37074485277), 197: (713558.3445898617, 2956477.7403533617), 198: (205645.6561893138, 896747.6870870057), 199: (9353309.730141923, 9353309.730141923), 200: (691147.4064916914, 691147.4064916914), 394: (884.0365908440513, 5918.1887265142295), 413: (612799.9512824888, 612799.9512824888), 432: (11068126.234868951, 17356280.081934575), 441: (24621.92897593368, 34374.8252162877), 495: (3559602.605903199, 11593081.374405136), 505: (1194680.844805311, 1194680.844805311), 507: (790715.1308531873, 3001930.1179379667), 508: (1379097.6908322563, 4549800.045453526), 559: (4781.818815688282, 88512.97648949384), 603: (1858104.2976520334, 1858104.2976520334), 604: (8504.801333192754, 17947.668385679804), 614: (2418546.779788723, 3570709.222424342), 615: (4813012.140222147, 4813012.140222147), 651: (5527589.293621615, 8926595.996990152), 666: (2244099.532676097, 3472058.224071134)}, 'flood_DERP_RW_L_4326_2080430320': {2: (385107.26296556083, 385220.0331872591), 10: (0.0, 9538.458540781243), 201: (0, 0), 202: (12128.711987763007, 27918.633579702564), 204: (17927.794149336838, 28404.373856834995), 205: (15900.8396312968, 36734.128327888175), 207: (646205.9420160023, 646205.9420160023), 208: (217827.43716368463, 218626.78421942232), 211: (373411.84786910715, 382370.94085948047), 212: (0, 0), 264: (0.0, 51618.47910117752), 265: (0, 0), 356: (0, 0), 401: (0.0, 2590.1234807619157), 402: (0, 0), 403: (0, 0), 404: (0, 0), 405: (0, 0), 406: (0.0, 3207.504370694001), 434: (22423.417245880995, 106827.30866516242), 442: (1196078.339342865, 1211350.3444509907), 497: (0.0, 6185.008003843068), 511: (211170.23248667765, 212072.2890582114), 512: (386564.25668007944, 386564.25668007944), 517: (0, 0), 551: (0, 0), 555: (0, 0), 614: (5538.088438649334, 54559.869293778924), 622: (128385.74995693775, 272473.07958319015), 643: (0, 0), 644: (0, 0), 653: (0, 0), 654: (0, 0), 655: (0, 0), 656: (0, 0), 658: (0, 0), 659: (0, 0), 660: (0, 0), 661: (0, 0), 662: (0, 0), 663: (0, 0), 666: (8924.441761974407, 70287.0843839086)}, 'flood_DERP_RW_M_4326_2080428500': {}, 'flood_DERP_RW_M_4326_2080430240': {0: (344513.58020321076, 1780258.4295141476), 84: (173419.5615331143, 750019.6989298416), 198: (0.0, 148707.0268339842), 199: (1805525.4970676764, 8897642.683158875), 200: (133416.33075953016, 133416.33075953016), 394: (80.02883068225577, 1753.12230635849), 413: (118292.45139576652, 612799.9512824888), 432: (1241181.4491461494, 4712807.517625773), 441: (15561.881478141886, 29151.95140469573), 495: (155578.42090072896, 526643.0017889108), 505: (230616.41155783797, 1194680.844805311), 559: (4781.8188121395815, 44072.47255988558), 603: (358681.02120155795, 1858104.2976520334), 604: (8504.801333640296, 15784.661997699659), 614: (505288.63574603136, 1237475.5315299102), 615: (929084.6114999224, 3264508.401032808), 651: (740259.0635409814, 2472766.300766291), 666: (482764.18609276344, 1546356.981817564)}, 'flood_DERP_RW_M_4326_2080430320': {2: (0, 0), 10: (0.0, 9538.458526949089), 201: (0, 0), 202: (1925.40409057373, 12128.712068542514), 204: (23355.062863601008, 23355.062863601008), 205: (26693.278765549887, 26693.278765549887), 207: (0, 0), 208: (0, 0), 211: (0, 0), 212: (0, 0), 265: (0, 0), 356: (0, 0), 402: (0, 0), 403: (0, 0), 404: (0, 0), 405: (0, 0), 434: (33246.409360439444, 52078.19817919197), 442: (0, 0), 497: (0.0, 6185.007996105462), 511: (0, 0), 512: (0, 0), 517: (0, 0), 551: (0, 0), 614: (1712.1502646565732, 5538.088420049236), 643: (0, 0), 644: (0, 0), 653: (0, 0), 654: (0, 0), 655: (0, 0), 656: (0, 0), 661: (0, 0), 662: (0, 0), 666: (1201.1575117066966, 7274.85232395877)}}","{'flood_DERP_RW_H_4326_2080428500': {}, 'flood_DERP_RW_H_4326_2080430240': {84: (115673.03879291874, 115673.03879291874), 413: (0.0, 86109.99662317893), 432: (106487.21074190749, 125788.60614068358), 495: (152415.22609289526, 152415.22609289526), 505: (0.0, 87525.99778686688), 559: (4781.818815688282, 44178.22446539111), 666: (0.0, 0.0)}, 'flood_DERP_RW_H_4326_2080430320': {2: (0.0, 0.0), 204: (0.0, 0.0), 205: (0.0, 0.0), 207: (0.0, 0.0), 208: (0.0, 0.0), 211: (0.0, 0.0), 265: (0.0, 0.0), 356: (0.0, 0.0), 402: (0.0, 0.0), 405: (0.0, 0.0), 434: (0.0, 0.0), 442: (0.0, 0.0), 511: (0.0, 0.0), 512: (0.0, 0.0), 551: (0.0, 0.0), 643: (0.0, 0.0), 654: (0.0, 0.0), 655: (0.0, 0.0), 656: (0.0, 0.0), 661: (0.0, 0.0)}, 'flood_DERP_RW_L_4326_2080428500': {8: (0.0, 52671.417064512265), 75: (1718.157612572005, 4841.168348507181), 79: (353.9830576852983, 1937.1097977859818), 82: (0.0, 86.53392017768994), 204: (0.0, 0.0), 209: (0.0, 1132421.985446171), 210: (0.0, 115079.4230441183), 213: (0.0, 0.0), 214: (63312.62622071872, 152857.7054344131), 219: (0.0, 0.0), 226: (5207.788032465877, 12156.163984034287), 232: (0.0, 240.11948286596387), 433: (0.0, 0.0), 457: (0.0, 56893.8071275022), 460: (16421.418007710312, 78837.83188976938), 461: (0.0, 21832.7640748584), 472: (387.90914237937676, 2063.4106160952374), 473: (2748.7477335902086, 15021.301986376724), 498: (0.0, 148610.2340193458), 530: (66757.88069242873, 343695.7054296054), 531: (53430.620766178174, 388101.3118957608), 532: (54065.05817071042, 244971.761397769), 552: (0.0, 47010.884399431176), 616: (46433.44496175789, 72759.53888393546), 617: (2947.2979430498935, 8375.681345136565), 645: (0.0, 1234309.0022093037), 646: (0.0, 26563.041999817055), 647: (0.0, 1117602.4552028077)}, 'flood_DERP_RW_L_4326_2080430240': {0: (1891788.1278912418, 1891788.1278912418), 84: (5325801.469514597, 12762439.36665998), 112: (48176.11726754758, 48176.11726754758), 180: (454549.74232764286, 504099.67118902836), 182: (193722.31675646926, 248319.98389298993), 195: (8896.61187904701, 59889.37074485277), 197: (713558.3445898617, 2956477.7403533617), 198: (205645.6561893138, 896747.6870870057), 199: (9353309.730141923, 9353309.730141923), 200: (691147.4064916914, 691147.4064916914), 394: (884.0365908440513, 5918.1887265142295), 413: (612799.9512824888, 612799.9512824888), 432: (11068126.234868951, 17356280.081934575), 441: (24621.92897593368, 34374.8252162877), 495: (3559602.605903199, 11593081.374405136), 505: (1194680.844805311, 1194680.844805311), 507: (790715.1308531873, 3001930.1179379667), 508: (1379097.6908322563, 4549800.045453526), 559: (4781.818815688282, 88512.97648949384), 603: (1858104.2976520334, 1858104.2976520334), 604: (8504.801333192754, 17947.668385679804), 614: (0.0, 0.0), 615: (4813012.140222147, 4813012.140222147), 651: (5527589.293621615, 8926595.996990152), 666: (0.0, 0.0)}, 'flood_DERP_RW_L_4326_2080430320': {2: (0.0, 0.0), 10: (0.0, 0.0), 201: (0.0, 0.0), 202: (0.0, 0.0), 204: (0.0, 0.0), 205: (0.0, 0.0), 207: (0.0, 0.0), 208: (0.0, 0.0), 211: (0.0, 0.0), 212: (0.0, 0.0), 264: (0.0, 51618.47910117752), 265: (0.0, 0.0), 356: (0.0, 0.0), 401: (0.0, 0.0), 402: (0.0, 0.0), 403: (0.0, 0.0), 404: (0.0, 0.0), 405: (0.0, 0.0), 406: (0.0, 0.0), 434: (0.0, 0.0), 442: (0.0, 0.0), 497: (0.0, 0.0), 511: (0.0, 0.0), 512: (0.0, 0.0), 517: (0.0, 0.0), 551: (0.0, 0.0), 555: (0.0, 0.0), 614: (0.0, 0.0), 622: (128385.74995693775, 272473.07958319015), 643: (0.0, 0.0), 644: (0.0, 0.0), 653: (0.0, 0.0), 654: (0.0, 0.0), 655: (0.0, 0.0), 656: (0.0, 0.0), 658: (0.0, 0.0), 659: (0.0, 0.0), 660: (0.0, 0.0), 661: (0.0, 0.0), 662: (0.0, 0.0), 663: (0.0, 0.0), 666: (0.0, 0.0)}, 'flood_DERP_RW_M_4326_2080428500': {}, 'flood_DERP_RW_M_4326_2080430240': {0: (344513.58020321076, 1780258.4295141476), 84: (173419.5615331143, 750019.6989298416), 198: (0.0, 148707.0268339842), 199: (1805525.4970676764, 8897642.683158875), 200: (133416.33075953016, 133416.33075953016), 394: (80.02883068225577, 1753.12230635849), 413: (118292.45139576652, 612799.9512824888), 432: (1241181.4491461494, 4712807.517625773), 441: (15561.881478141886, 29151.95140469573), 495: (155578.42090072896, 526643.0017889108), 505: (230616.41155783797, 1194680.844805311), 559: (4781.8188121395815, 44072.47255988558), 603: (358681.02120155795, 1858104.2976520334), 604: (8504.801333640296, 15784.661997699659), 614: (0.0, 0.0), 615: (929084.6114999224, 3264508.401032808), 651: (740259.0635409814, 2472766.300766291), 666: (0.0, 0.0)}, 'flood_DERP_RW_M_4326_2080430320': {2: (0.0, 0.0), 10: (0.0, 0.0), 201: (0.0, 0.0), 202: (0.0, 0.0), 204: (0.0, 0.0), 205: (0.0, 0.0), 207: (0.0, 0.0), 208: (0.0, 0.0), 211: (0.0, 0.0), 212: (0.0, 0.0), 265: (0.0, 0.0), 356: (0.0, 0.0), 402: (0.0, 0.0), 403: (0.0, 0.0), 404: (0.0, 0.0), 405: (0.0, 0.0), 434: (0.0, 0.0), 442: (0.0, 0.0), 497: (0.0, 0.0), 511: (0.0, 0.0), 512: (0.0, 0.0), 517: (0.0, 0.0), 551: (0.0, 0.0), 614: (0.0, 0.0), 643: (0.0, 0.0), 644: (0.0, 0.0), 653: (0.0, 0.0), 654: (0.0, 0.0), 655: (0.0, 0.0), 656: (0.0, 0.0), 661: (0.0, 0.0), 662: (0.0, 0.0), 666: (0.0, 0.0)}}","{'flood_DERP_RW_H_4326_2080428500': {}, 'flood_DERP_RW_H_4326_2080430240': {84: (115673.03879291874, 115673.03879291874), 413: (0.0, 86109.99662317893), 432: (106487.21074190749, 125788.60614068358), 495: (152415.22609289526, 152415.22609289526), 505: (0.0, 87525.99778686688), 559: (4781.818815688282, 44178.22446539111), 666: (0.0, 1034.318536922596)}, 'flood_DERP_RW_H_4326_2080430320': {2: (0, 0), 204: (28782.330972475404, 28782.330972475404), 205: (31786.262483636583, 31786.262483636583), 207: (0, 0), 208: (0, 0), 211: (0, 0), 265: (0.0, 828.5059042902571), 356: (64194.13041511438, 73628.7775475856), 402: (0.0, 15933.308657628524), 405: (0.0, 5579.056316271717), 434: (33246.4091548187, 33246.4091548187), 442: (0, 0), 511: (0, 0), 512: (0, 0), 551: (0.0, 15510.52622336408), 643: (7502.694855931222, 7502.694855931222), 654: (0, 0), 655: (57780.29359790789, 61577.869727238336), 656: (0, 0), 661: (0, 0)}, 'flood_DERP_RW_L_4326_2080428500': {8: (0.0, 52671.417064512265), 75: (1718.157612572005, 4841.168348507181), 79: (353.9830576852983, 1937.1097977859818), 82: (0.0, 86.53392017768994), 204: (0.0, 28958.186352454504), 209: (0.0, 1132421.985446171), 210: (0.0, 115079.4230441183), 213: (0.0, 2397937.851459008), 214: (63312.62622071872, 152857.7054344131), 219: (0.0, 50384.189469513236), 226: (5207.788032465877, 12156.163984034287), 232: (0.0, 240.11948286596387), 433: (0.0, 1509661.1725061266), 457: (0.0, 56893.8071275022), 460: (16421.418007710312, 78837.83188976938), 461: (0.0, 21832.7640748584), 472: (387.90914237937676, 2063.4106160952374), 473: (2748.7477335902086, 15021.301986376724), 498: (0.0, 148610.2340193458), 530: (66757.88069242873, 343695.7054296054), 531: (53430.620766178174, 388101.3118957608), 532: (54065.05817071042, 244971.761397769), 552: (0.0, 47010.884399431176), 616: (46433.44496175789, 72759.53888393546), 617: (2947.2979430498935, 8375.681345136565), 645: (0.0, 1234309.0022093037), 646: (0.0, 26563.041999817055), 647: (0.0, 1117602.4552028077)}, 'flood_DERP_RW_L_4326_2080430240': {0: (1891788.1278912418, 1891788.1278912418), 84: (5325801.469514597, 12762439.36665998), 112: (48176.11726754758, 48176.11726754758), 180: (454549.74232764286, 504099.67118902836), 182: (193722.31675646926, 248319.98389298993), 195: (8896.61187904701, 59889.37074485277), 197: (713558.3445898617, 2956477.7403533617), 198: (205645.6561893138, 896747.6870870057), 199: (9353309.730141923, 9353309.730141923), 200: (691147.4064916914, 691147.4064916914), 394: (884.0365908440513, 5918.1887265142295), 413: (612799.9512824888, 612799.9512824888), 432: (11068126.234868951, 17356280.081934575), 441: (24621.92897593368, 34374.8252162877), 495: (3559602.605903199, 11593081.374405136), 505: (1194680.844805311, 1194680.844805311), 507: (790715.1308531873, 3001930.1179379667), 508: (1379097.6908322563, 4549800.045453526), 559: (4781.818815688282, 88512.97648949384), 603: (1858104.2976520334, 1858104.2976520334), 604: (8504.801333192754, 17947.668385679804), 614: (2418546.779788723, 3570709.222424342), 615: (4813012.140222147, 4813012.140222147), 651: (5527589.293621615, 8926595.996990152), 666: (2244099.532676097, 3472058.224071134)}, 'flood_DERP_RW_L_4326_2080430320': {2: (385107.26296556083, 385220.0331872591), 10: (0.0, 9538.458540781243), 201: (0.0, 197168.74271752097), 202: (12128.711987763007, 27918.633579702564), 204: (17927.794149336838, 28404.373856834995), 205: (15900.8396312968, 36734.128327888175), 207: (646205.9420160023, 646205.9420160023), 208: (217827.43716368463, 218626.78421942232), 211: (373411.84786910715, 382370.94085948047), 212: (11999.26778318863, 76981.95816527182), 264: (0.0, 51618.47910117752), 265: (475914.59778307244, 1391200.5781817173), 356: (1113630.1065216938, 2687265.52939017), 401: (0.0, 2590.1234807619157), 402: (0.0, 44551.457093484765), 403: (1390910.7287675939, 3952157.1914840136), 404: (1305120.6429524194, 4527549.546806867), 405: (0.0, 100133.18923013467), 406: (0.0, 3207.504370694001), 434: (22423.417245880995, 106827.30866516242), 442: (1196078.339342865, 1211350.3444509907), 497: (0.0, 6185.008003843068), 511: (211170.23248667765, 212072.2890582114), 512: (386564.25668007944, 386564.25668007944), 517: (0.0, 194472.57433689153), 551: (0.0, 106790.42946164144), 555: (0.0, 37453.42677581472), 614: (5538.088438649334, 54559.869293778924), 622: (128385.74995693775, 272473.07958319015), 643: (12207.343995472314, 78717.70987959874), 644: (10594.921892630493, 166900.51332338995), 653: (291022.463526562, 1072136.0725308575), 654: (5698.918907314445, 7143.329509063051), 655: (683705.4367836174, 986148.158011614), 656: (9717.489740619087, 27330.64305475793), 658: (15889.780227378225, 196008.18868698375), 659: (0.0, 9569.855905245477), 660: (337771.9025259453, 730035.290079697), 661: (2868.9815084517513, 9022.164799650294), 662: (60659.439637700176, 193721.53492513933), 663: (0.0, 9615.24500420829), 666: (8924.441761974407, 70287.0843839086)}, 'flood_DERP_RW_M_4326_2080428500': {}, 'flood_DERP_RW_M_4326_2080430240': {0: (344513.58020321076, 1780258.4295141476), 84: (173419.5615331143, 750019.6989298416), 198: (0.0, 148707.0268339842), 199: (1805525.4970676764, 8897642.683158875), 200: (133416.33075953016, 133416.33075953016), 394: (80.02883068225577, 1753.12230635849), 413: (118292.45139576652, 612799.9512824888), 432: (1241181.4491461494, 4712807.517625773), 441: (15561.881478141886, 29151.95140469573), 495: (155578.42090072896, 526643.0017889108), 505: (230616.41155783797, 1194680.844805311), 559: (4781.8188121395815, 44072.47255988558), 603: (358681.02120155795, 1858104.2976520334), 604: (8504.801333640296, 15784.661997699659), 614: (505288.63574603136, 1237475.5315299102), 615: (929084.6114999224, 3264508.401032808), 651: (740259.0635409814, 2472766.300766291), 666: (482764.18609276344, 1546356.981817564)}, 'flood_DERP_RW_M_4326_2080430320': {2: (0, 0), 10: (0.0, 9538.458526949089), 201: (0.0, 48656.356492028965), 202: (1925.40409057373, 12128.712068542514), 204: (23355.062863601008, 23355.062863601008), 205: (26693.278765549887, 26693.278765549887), 207: (0, 0), 208: (0, 0), 211: (0, 0), 212: (1074.0970223210452, 24580.976344370927), 265: (0.0, 1864.4011210481683), 356: (64432.02289807571, 179497.6424272012), 402: (0.0, 32622.205745169387), 403: (0.0, 71593.07057404262), 404: (2797.285607656744, 212624.4742819368), 405: (0.0, 15038.941341304195), 434: (33246.409360439444, 52078.19817919197), 442: (0, 0), 497: (0.0, 6185.007996105462), 511: (0, 0), 512: (0, 0), 517: (0.0, 51813.23169499447), 551: (0.0, 56683.08854578779), 614: (1712.1502646565732, 5538.088420049236), 643: (53687.08144666885, 53687.08144666885), 644: (9814.36975592241, 34623.63346211864), 653: (0.0, 43024.443555054466), 654: (0, 0), 655: (58470.17619531751, 75122.53546496358), 656: (0, 0), 661: (0, 0), 662: (0.0, 3150.0785461512414), 666: (1201.1575117066966, 7274.85232395877)}}","{'flood_DERP_RW_H_4326_2080428500': {}, 'flood_DERP_RW_H_4326_2080430240': {84: (115673.03879291874, 115673.03879291874), 413: (0.0, 86109.99662317893), 432: (106487.21074190749, 125788.60614068358), 495: (152415.22609289526, 152415.22609289526), 505: (0.0, 87525.99778686688), 559: (4781.818815688282, 44178.22446539111), 666: (0.0, 1034.318536922596)}, 'flood_DERP_RW_H_4326_2080430320': {2: (0, 0), 204: (28782.330972475404, 28782.330972475404), 205: (31786.262483636583, 31786.262483636583), 207: (0, 0), 208: (0, 0), 211: (0, 0), 265: (0.0, 828.5059042902571), 356: (64194.13041511438, 73628.7775475856), 402: (0.0, 15933.308657628524), 405: (0.0, 5579.056316271717), 434: (33246.4091548187, 33246.4091548187), 442: (0, 0), 511: (0, 0), 512: (0, 0), 551: (0.0, 15510.52622336408), 643: (7502.694855931222, 7502.694855931222), 654: (0, 0), 655: (57780.29359790789, 61577.869727238336), 656: (0, 0), 661: (0, 0)}, 'flood_DERP_RW_L_4326_2080428500': {8: (0.0, 52671.417064512265), 75: (1718.157612572005, 4841.168348507181), 79: (353.9830576852983, 1937.1097977859818), 82: (0.0, 86.53392017768994), 204: (0.0, 28958.186352454504), 209: (0.0, 1132421.985446171), 210: (0.0, 115079.4230441183), 213: (0.0, 2397937.851459008), 214: (63312.62622071872, 152857.7054344131), 219: (0.0, 50384.189469513236), 226: (5207.788032465877, 12156.163984034287), 232: (0.0, 240.11948286596387), 433: (0.0, 1509661.1725061266), 457: (0.0, 56893.8071275022), 460: (16421.418007710312, 78837.83188976938), 461: (0.0, 21832.7640748584), 472: (387.90914237937676, 2063.4106160952374), 473: (2748.7477335902086, 15021.301986376724), 498: (0.0, 148610.2340193458), 530: (66757.88069242873, 343695.7054296054), 531: (53430.620766178174, 388101.3118957608), 532: (54065.05817071042, 244971.761397769), 552: (0.0, 47010.884399431176), 616: (46433.44496175789, 72759.53888393546), 617: (2947.2979430498935, 8375.681345136565), 645: (0.0, 1234309.0022093037), 646: (0.0, 26563.041999817055), 647: (0.0, 1117602.4552028077)}, 'flood_DERP_RW_L_4326_2080430240': {0: (1891788.1278912418, 1891788.1278912418), 84: (5325801.469514597, 12762439.36665998), 112: (48176.11726754758, 48176.11726754758), 180: (454549.74232764286, 504099.67118902836), 182: (193722.31675646926, 248319.98389298993), 195: (8896.61187904701, 59889.37074485277), 197: (713558.3445898617, 2956477.7403533617), 198: (205645.6561893138, 896747.6870870057), 199: (9353309.730141923, 9353309.730141923), 200: (691147.4064916914, 691147.4064916914), 394: (884.0365908440513, 5918.1887265142295), 413: (612799.9512824888, 612799.9512824888), 432: (11068126.234868951, 17356280.081934575), 441: (24621.92897593368, 34374.8252162877), 495: (3559602.605903199, 11593081.374405136), 505: (1194680.844805311, 1194680.844805311), 507: (790715.1308531873, 3001930.1179379667), 508: (1379097.6908322563, 4549800.045453526), 559: (4781.818815688282, 88512.97648949384), 603: (1858104.2976520334, 1858104.2976520334), 604: (8504.801333192754, 17947.668385679804), 614: (2418546.779788723, 3570709.222424342), 615: (4813012.140222147, 4813012.140222147), 651: (5527589.293621615, 8926595.996990152), 666: (2244099.532676097, 3472058.224071134)}, 'flood_DERP_RW_L_4326_2080430320': {2: (385107.26296556083, 385220.0331872591), 10: (0.0, 9538.458540781243), 201: (0.0, 197168.74271752097), 202: (12128.711987763007, 27918.633579702564), 204: (17927.794149336838, 28404.373856834995), 205: (15900.8396312968, 36734.128327888175), 207: (646205.9420160023, 646205.9420160023), 208: (217827.43716368463, 218626.78421942232), 211: (373411.84786910715, 382370.94085948047), 212: (11999.26778318863, 76981.95816527182), 264: (0.0, 51618.47910117752), 265: (475914.59778307244, 1391200.5781817173), 356: (1113630.1065216938, 2687265.52939017), 401: (0.0, 2590.1234807619157), 402: (0.0, 44551.457093484765), 403: (1390910.7287675939, 3952157.1914840136), 404: (1305120.6429524194, 4527549.546806867), 405: (0.0, 100133.18923013467), 406: (0.0, 3207.504370694001), 434: (22423.417245880995, 106827.30866516242), 442: (1196078.339342865, 1211350.3444509907), 497: (0.0, 6185.008003843068), 511: (211170.23248667765, 212072.2890582114), 512: (386564.25668007944, 386564.25668007944), 517: (0.0, 194472.57433689153), 551: (0.0, 106790.42946164144), 555: (0.0, 37453.42677581472), 614: (5538.088438649334, 54559.869293778924), 622: (128385.74995693775, 272473.07958319015), 643: (12207.343995472314, 78717.70987959874), 644: (10594.921892630493, 166900.51332338995), 653: (291022.463526562, 1072136.0725308575), 654: (5698.918907314445, 7143.329509063051), 655: (683705.4367836174, 986148.158011614), 656: (9717.489740619087, 27330.64305475793), 658: (15889.780227378225, 196008.18868698375), 659: (0.0, 9569.855905245477), 660: (337771.9025259453, 730035.290079697), 661: (2868.9815084517513, 9022.164799650294), 662: (60659.439637700176, 193721.53492513933), 663: (0.0, 9615.24500420829), 666: (8924.441761974407, 70287.0843839086)}, 'flood_DERP_RW_M_4326_2080428500': {}, 'flood_DERP_RW_M_4326_2080430240': {0: (344513.58020321076, 1780258.4295141476), 84: (173419.5615331143, 750019.6989298416), 198: (0.0, 148707.0268339842), 199: (1805525.4970676764, 8897642.683158875), 200: (133416.33075953016, 133416.33075953016), 394: (80.02883068225577, 1753.12230635849), 413: (118292.45139576652, 612799.9512824888), 432: (1241181.4491461494, 4712807.517625773), 441: (15561.881478141886, 29151.95140469573), 495: (155578.42090072896, 526643.0017889108), 505: (230616.41155783797, 1194680.844805311), 559: (4781.8188121395815, 44072.47255988558), 603: (358681.02120155795, 1858104.2976520334), 604: (8504.801333640296, 15784.661997699659), 614: (505288.63574603136, 1237475.5315299102), 615: (929084.6114999224, 3264508.401032808), 651: (740259.0635409814, 2472766.300766291), 666: (482764.18609276344, 1546356.981817564)}, 'flood_DERP_RW_M_4326_2080430320': {2: (0, 0), 10: (0.0, 9538.458526949089), 201: (0.0, 48656.356492028965), 202: (1925.40409057373, 12128.712068542514), 204: (23355.062863601008, 23355.062863601008), 205: (26693.278765549887, 26693.278765549887), 207: (0, 0), 208: (0, 0), 211: (0, 0), 212: (1074.0970223210452, 24580.976344370927), 265: (0.0, 1864.4011210481683), 356: (64432.02289807571, 179497.6424272012), 402: (0.0, 32622.205745169387), 403: (0.0, 71593.07057404262), 404: (2797.285607656744, 212624.4742819368), 405: (0.0, 15038.941341304195), 434: (33246.409360439444, 52078.19817919197), 442: (0, 0), 497: (0.0, 6185.007996105462), 511: (0, 0), 512: (0, 0), 517: (0.0, 51813.23169499447), 551: (0.0, 56683.08854578779), 614: (1712.1502646565732, 5538.088420049236), 643: (53687.08144666885, 53687.08144666885), 644: (9814.36975592241, 34623.63346211864), 653: (0.0, 43024.443555054466), 654: (0, 0), 655: (58470.17619531751, 75122.53546496358), 656: (0, 0), 661: (0, 0), 662: (0.0, 3150.0785461512414), 666: (1201.1575117066966, 7274.85232395877)}}"
1,"{'flood_DERP_RW_H_4326_2080428500': 0.0, 'flood_DERP_RW_H_4326_2080430240': 5427421.889182759, 'flood_DERP_RW_H_4326_2080430320': 1711264.6439201704, 'flood_DERP_RW_L_4326_2080428500': 74788268.74428403, 'flood_DERP_RW_L_4326_2080430240': 54274218.89182758, 'flood_DERP_RW_L_4326_2080430320': 30944709.817721482, 'flood_DERP_RW_M_4326_2080428500': 0.0, 'flood_DERP_RW_M_4326_2080430240': 10854843.778365519, 'flood_DERP_RW_M_4326_2080430320': 6188941.963544296}","{'flood_DERP_RW_H_4326_2080428500': 0.0, 'flood_DERP_RW_H_4326_2080430240': 5427421.889182759, 'flood_DERP_RW_H_4326_2080430320': 1710102.3471163004, 'flood_DERP_RW_L_4326_2080428500': 74788268.74428403, 'flood_DERP_RW_L_4326_2080430240': 54274218.89182758, 'flood_DERP_RW_L_4326_2080430320': 30944709.817721482, 'flood_DERP_RW_M_4326_2080428500': 0.0, 'flood_DERP_RW_M_4326_2080430240': 10854843.778365519, 'flood_DERP_RW_M_4326_2080430320': 5219014.086877162}","{'flood_DERP_RW_H_4326_2080428500': 0.0, 'flood_DERP_RW_H_4326_2080430240': 5427421.889182759, 'flood_DERP_RW_H_4326_2080430320': 0, 'flood_DERP_RW_L_4326_2080428500': 43843558.92656254, 'flood_DERP_RW_L_4326_2080430240': 54274218.89182758, 'flood_DERP_RW_L_4326_2080430320': 4918381.198222103, 'flood_DERP_RW_M_4326_2080428500': 0.0, 'flood_DERP_RW_M_4326_2080430240': 10854843.778365519, 'flood_DERP_RW_M_4326_2080430320': 0}","{'flood_DERP_RW_H_4326_2080428500': 0, 'flood_DERP_RW_H_4326_2080430240': 5427421.889182759, 'flood_DERP_RW_H_4326_2080430320': 1711264.6439201704, 'flood_DERP_RW_L_4326_2080428500': 74788268.74428403, 'flood_DERP_RW_L_4326_2080430240': 54274218.89182758, 'flood_DERP_RW_L_4326_2080430320': 30944709.817721482, 'flood_DERP_RW_M_4326_2080428500': 0, 'flood_DERP_RW_M_4326_2080430240': 10854843.778365519, 'flood_DERP_RW_M_4326_2080430320': 6188941.963544296}","{'flood_DERP_RW_H_4326_2080428500': 0, 'flood_DERP_RW_H_4326_2080430240': 5427421.889182759, 'flood_DERP_RW_H_4326_2080430320': 1219259.907453466, 'flood_DERP_RW_L_4326_2080428500': 69772329.63116488, 'flood_DERP_RW_L_4326_2080430240': 54274218.89182758, 'flood_DERP_RW_L_4326_2080430320': 25928770.704602335, 'flood_DERP_RW_M_4326_2080428500': 0, 'flood_DERP_RW_M_4326_2080430240': 10854843.778365519, 'flood_DERP_RW_M_4326_2080430320': 5185754.140920467}"
2,"{'flood_DERP_RW_H': 5929015.800494674, 'flood_DERP_RW_M': 11858031.600989347, 'flood_DERP_RW_L': 103133716.93150929}","{'flood_DERP_RW_H': 5918264.328845593, 'flood_DERP_RW_M': 11836528.657691186, 'flood_DERP_RW_L': 103133716.93150929}","{'flood_DERP_RW_H': 5427421.889182759, 'flood_DERP_RW_M': 10854843.778365519, 'flood_DERP_RW_L': 103133716.93150929}","{'flood_DERP_RW_H': 5929015.800494674, 'flood_DERP_RW_M': 11858031.600989347, 'flood_DERP_RW_L': 103133716.93150929}","{'flood_DERP_RW_H': 5427421.889182759, 'flood_DERP_RW_M': 10854843.778365519, 'flood_DERP_RW_L': 98117777.81839013}"
3,"Empty GeoDataFrame
Columns: [osm_id, asset, name, gauge, electrified, voltage, bridge, maxspeed, service, tunnel, other_tags, railway:traffic_mode, usage, geometry, l1_adaptation, l1_rp_spec, l2_adaptation_exp, l2_adaptation_vul, l2_rp_spec, l3_adaptation, l3_rp_spec, l4_adaptation, l4_rp_spec]
Index: []

[0 rows x 23 columns]","        osm_id asset         name gauge   electrified voltage bridge maxspeed  \
201  111997037  rail         None  1435  contact_line   15000   None       60   
212  111997049  rail         None  1435  contact_line   15000   None       30   
265  117439543  rail  Nahetalbahn  1435            no    None   None      100   
356  150800208  rail  Nahetalbahn  1435            no    None   None      100   
402  196674395  rail         None  1435  contact_line   15000   None       40   
403  196674396  rail  Nahetalbahn  1435            no    None   None      100   
404  196674397  rail  Nahetalbahn  1435            no    None   None      100   
405  196674398  rail         None  1435  contact_line   15000   None       60   
517  333866164  rail         None  1435  contact_line   15000   None       60   
551  522710359  rail         None  1435  contact_line   15000   None       60   
555  522710394  rail         None  1435  contact_line   15000   None       60   
643  889930084  rail         None  1435            no    None   None       60   
644  889930085  rail         None  1435  contact_line   15000   None       40   
653  967608628  rail  Nahetalbahn  1435            no    None   None      100   
654  967608629  rail  Nahetalbahn  1435            no    None    yes      100   
655  967608630  rail  Nahetalbahn  1435            no    None   None      100   
656  967608631  rail  Nahetalbahn  1435            no    None    yes      100   
658  967608633  rail  Nahetalbahn  1435            no    None   None      100   
659  967608634  rail  Nahetalbahn  1435            no    None    yes      100   
660  967608635  rail  Nahetalbahn  1435            no    None   None      100   
661  967608636  rail  Nahetalbahn  1435            no    None    yes      100   
662  967608637  rail  Nahetalbahn  1435            no    None   None      100   
663  967608638  rail  Nahetalbahn  1435            no    None    yes      100   

    service tunnel  ...                                           geometry  \
201    None   None  ...  LINESTRING (8.78e+05 6.44e+06, 8.78e+05 6.44e+...   
212  siding   None  ...  LINESTRING (8.77e+05 6.44e+06, 8.78e+05 6.44e+...   
265    None   None  ...  LINESTRING (8.79e+05 6.43e+06, 8.79e+05 6.43e+...   
356    None   None  ...  LINESTRING (8.8e+05 6.43e+06, 8.8e+05 6.43e+06...   
402  siding   None  ...  LINESTRING (8.78e+05 6.44e+06, 8.78e+05 6.44e+06)   
403    None   None  ...  LINESTRING (8.78e+05 6.44e+06, 8.78e+05 6.44e+...   
404    None   None  ...  LINESTRING (8.79e+05 6.44e+06, 8.79e+05 6.44e+...   
405    None   None  ...  LINESTRING (8.78e+05 6.44e+06, 8.78e+05 6.44e+...   
517    None   None  ...  LINESTRING (8.78e+05 6.44e+06, 8.78e+05 6.44e+...   
551    None   None  ...  LINESTRING (8.78e+05 6.44e+06, 8.78e+05 6.44e+...   
555    None   None  ...  LINESTRING (8.78e+05 6.44e+06, 8.78e+05 6.44e+...   
643    None   None  ...  LINESTRING (8.79e+05 6.44e+06, 8.79e+05 6.44e+...   
644  siding   None  ...  LINESTRING (8.78e+05 6.44e+06, 8.78e+05 6.44e+...   
653    None   None  ...  LINESTRING (8.79e+05 6.44e+06, 8.79e+05 6.44e+...   
654    None   None  ...  LINESTRING (8.79e+05 6.43e+06, 8.79e+05 6.43e+06)   
655    None   None  ...  LINESTRING (8.79e+05 6.43e+06, 8.79e+05 6.43e+...   
656    None   None  ...  LINESTRING (8.79e+05 6.43e+06, 8.79e+05 6.43e+06)   
658    None   None  ...  LINESTRING (8.79e+05 6.43e+06, 8.79e+05 6.43e+...   
659    None   None  ...  LINESTRING (8.79e+05 6.43e+06, 8.79e+05 6.43e+06)   
660    None   None  ...  LINESTRING (8.79e+05 6.43e+06, 8.79e+05 6.44e+...   
661    None   None  ...  LINESTRING (8.79e+05 6.43e+06, 8.79e+05 6.43e+06)   
662    None   None  ...  LINESTRING (8.79e+05 6.43e+06, 8.79e+05 6.43e+...   
663    None   None  ...  LINESTRING (8.79e+05 6.43e+06, 8.79e+05 6.43e+06)   

    l1_adaptation l1_rp_spec l2_adaptation_exp l2_adaptation_vul l2_rp_spec  \
201    fwall_nahe          L              None              None       None   
212    fwall_nahe          L              None              None       None   
265    fwall_nahe          L              None              None       None   
356    fwall_nahe          L              None              None       None   
402    fwall_nahe          L              None              None       None   
403    fwall_nahe          L              None              None       None   
404    fwall_nahe          L              None              None       None   
405    fwall_nahe          L              None              None       None   
517    fwall_nahe          L              None              None       None   
551    fwall_nahe          L              None              None       None   
555    fwall_nahe          L              None              None       None   
643    fwall_nahe          L              None              None       None   
644    fwall_nahe          L              None              None       None   
653    fwall_nahe          L              None              None       None   
654    fwall_nahe          L              None              None       None   
655    fwall_nahe          L              None              None       None   
656    fwall_nahe          L              None              None       None   
658    fwall_nahe          L              None              None       None   
659    fwall_nahe          L              None              None       None   
660    fwall_nahe          L              None              None       None   
661    fwall_nahe          L              None              None       None   
662    fwall_nahe          L              None              None       None   
663    fwall_nahe          L              None              None       None   

    l3_adaptation l3_rp_spec l4_adaptation l4_rp_spec  
201          None       None          None       None  
212          None       None          None       None  
265          None       None          None       None  
356          None       None          None       None  
402          None       None          None       None  
403          None       None          None       None  
404          None       None          None       None  
405          None       None          None       None  
517          None       None          None       None  
551          None       None          None       None  
555          None       None          None       None  
643          None       None          None       None  
644          None       None          None       None  
653          None       None          None       None  
654          None       None          None       None  
655          None       None          None       None  
656          None       None          None       None  
658          None       None          None       None  
659          None       None          None       None  
660          None       None          None       None  
661          None       None          None       None  
662          None       None          None       None  
663          None       None          None       None  

[23 rows x 23 columns]","        osm_id asset                name gauge   electrified voltage bridge  \
2     22959019  rail  Linke Rheinstrecke  1435  contact_line   15000    yes   
10    25394975  rail                None  1435  contact_line   15000   None   
201  111997037  rail                None  1435  contact_line   15000   None   
202  111997038  rail                None  1435  contact_line   15000   None   
204  111997040  rail  Linke Rheinstrecke  1435  contact_line   15000   None   
205  111997041  rail                None  1435  contact_line   15000   None   
207  111997043  rail                None  1435  contact_line   15000    yes   
208  111997044  rail  Linke Rheinstrecke  1435  contact_line   15000    yes   
211  111997048  rail                None  1435  contact_line   15000    yes   
212  111997049  rail                None  1435  contact_line   15000   None   
213  111997050  rail                None  1435  contact_line   15000   None   
215  112003244  rail                None  1435            no    None   None   
216  112003245  rail                None  1435            no    None   None   
217  112003246  rail                None  1435          None    None   None   
218  112003247  rail                None  1435          None    None   None   
219  112003248  rail                None  1435          None    None   None   
220  112003249  rail                None  1435          None    None   None   
221  112003250  rail                None  1435            no    None   None   
222  112003251  rail                None  1435            no    None   None   
265  117439543  rail         Nahetalbahn  1435            no    None   None   
356  150800208  rail         Nahetalbahn  1435            no    None   None   
401  196674394  rail                None  1435          None    None   None   
402  196674395  rail                None  1435  contact_line   15000   None   
403  196674396  rail         Nahetalbahn  1435            no    None   None   
404  196674397  rail         Nahetalbahn  1435            no    None   None   
405  196674398  rail                None  1435  contact_line   15000   None   
406  196674399  rail                None  1435          None    None   None   
433  225589846  rail                None  1435  contact_line   15000   None   
434  225589848  rail                None  1435  contact_line   15000   None   
442  225589867  rail                None  1435  contact_line   15000    yes   
497  320400012  rail  Linke Rheinstrecke  1435  contact_line   15000   None   
511  333842491  rail  Linke Rheinstrecke  1435  contact_line   15000    yes   
512  333842501  rail  Linke Rheinstrecke  1435  contact_line   15000    yes   
513  333844045  rail                None  None          None    None   None   
514  333847540  rail                None  1435          None    None   None   
515  333847542  rail                None  1435          None    None   None   
516  333847544  rail                None  1435          None    None   None   
517  333866164  rail                None  1435  contact_line   15000   None   
551  522710359  rail                None  1435  contact_line   15000   None   
555  522710394  rail                None  1435  contact_line   15000   None   
614  664525108  rail  Linke Rheinstrecke  1435  contact_line   15000   None   
643  889930084  rail                None  1435            no    None   None   
644  889930085  rail                None  1435  contact_line   15000   None   
653  967608628  rail         Nahetalbahn  1435            no    None   None   
654  967608629  rail         Nahetalbahn  1435            no    None    yes   
655  967608630  rail         Nahetalbahn  1435            no    None   None   
656  967608631  rail         Nahetalbahn  1435            no    None    yes   
658  967608633  rail         Nahetalbahn  1435            no    None   None   
659  967608634  rail         Nahetalbahn  1435            no    None    yes   
660  967608635  rail         Nahetalbahn  1435            no    None   None   
661  967608636  rail         Nahetalbahn  1435            no    None    yes   
662  967608637  rail         Nahetalbahn  1435            no    None   None   
663  967608638  rail         Nahetalbahn  1435            no    None    yes   
666  977028803  rail  Linke Rheinstrecke  1435  contact_line   15000   None   

    maxspeed    service tunnel  ...  \
2         90       None   None  ...   
10      None       None   None  ...   
201       60       None   None  ...   
202     None  crossover   None  ...   
204       90       None   None  ...   
205       40     siding   None  ...   
207       40  crossover   None  ...   
208     None       None   None  ...   
211     None  crossover   None  ...   
212       30     siding   None  ...   
213     None     siding   None  ...   
215     None       yard   None  ...   
216     None       yard   None  ...   
217     None       yard   None  ...   
218     None       yard   None  ...   
219     None       yard   None  ...   
220     None       yard   None  ...   
221     None       yard   None  ...   
222     None       yard   None  ...   
265      100       None   None  ...   
356      100       None   None  ...   
401     None       yard   None  ...   
402       40     siding   None  ...   
403      100       None   None  ...   
404      100       None   None  ...   
405       60       None   None  ...   
406     None       yard   None  ...   
433     None     siding   None  ...   
434     None     siding   None  ...   
442     None     siding   None  ...   
497       90       None   None  ...   
511       90       None   None  ...   
512     None       None   None  ...   
513     None       yard   None  ...   
514     None       yard   None  ...   
515     None       yard   None  ...   
516     None       yard   None  ...   
517       60       None   None  ...   
551       60       None   None  ...   
555       60       None   None  ...   
614       90       None   None  ...   
643       60       None   None  ...   
644       40     siding   None  ...   
653      100       None   None  ...   
654      100       None   None  ...   
655      100       None   None  ...   
656      100       None   None  ...   
658      100       None   None  ...   
659      100       None   None  ...   
660      100       None   None  ...   
661      100       None   None  ...   
662      100       None   None  ...   
663      100       None   None  ...   
666      160       None   None  ...   

                                              geometry l1_adaptation  \
2    LINESTRING (8.78e+05 6.44e+06, 8.78e+05 6.44e+06)          None   
10   LINESTRING (8.78e+05 6.44e+06, 8.78e+05 6.44e+...          None   
201  LINESTRING (8.78e+05 6.44e+06, 8.78e+05 6.44e+...          None   
202  LINESTRING (8.78e+05 6.44e+06, 8.78e+05 6.44e+...          None   
204  LINESTRING (8.78e+05 6.44e+06, 8.78e+05 6.44e+...          None   
205  LINESTRING (8.78e+05 6.44e+06, 8.78e+05 6.44e+...          None   
207  LINESTRING (8.78e+05 6.44e+06, 8.78e+05 6.44e+...          None   
208  LINESTRING (8.78e+05 6.44e+06, 8.78e+05 6.44e+06)          None   
211  LINESTRING (8.78e+05 6.44e+06, 8.78e+05 6.44e+...          None   
212  LINESTRING (8.77e+05 6.44e+06, 8.78e+05 6.44e+...          None   
213  LINESTRING (8.78e+05 6.44e+06, 8.78e+05 6.44e+...          None   
215  LINESTRING (8.78e+05 6.44e+06, 8.78e+05 6.44e+...          None   
216  LINESTRING (8.78e+05 6.44e+06, 8.78e+05 6.44e+...          None   
217  LINESTRING (8.77e+05 6.44e+06, 8.77e+05 6.44e+...          None   
218  LINESTRING (8.77e+05 6.44e+06, 8.78e+05 6.44e+...          None   
219  LINESTRING (8.77e+05 6.44e+06, 8.77e+05 6.44e+...          None   
220  LINESTRING (8.77e+05 6.44e+06, 8.77e+05 6.44e+...          None   
221  LINESTRING (8.78e+05 6.44e+06, 8.78e+05 6.44e+...          None   
222  LINESTRING (8.78e+05 6.44e+06, 8.78e+05 6.44e+...          None   
265  LINESTRING (8.79e+05 6.43e+06, 8.79e+05 6.43e+...          None   
356  LINESTRING (8.8e+05 6.43e+06, 8.8e+05 6.43e+06...          None   
401  LINESTRING (8.78e+05 6.44e+06, 8.78e+05 6.44e+06)          None   
402  LINESTRING (8.78e+05 6.44e+06, 8.78e+05 6.44e+06)          None   
403  LINESTRING (8.78e+05 6.44e+06, 8.78e+05 6.44e+...          None   
404  LINESTRING (8.79e+05 6.44e+06, 8.79e+05 6.44e+...          None   
405  LINESTRING (8.78e+05 6.44e+06, 8.78e+05 6.44e+...          None   
406  LINESTRING (8.78e+05 6.44e+06, 8.78e+05 6.44e+...          None   
433  LINESTRING (8.78e+05 6.44e+06, 8.78e+05 6.44e+...          None   
434  LINESTRING (8.78e+05 6.44e+06, 8.78e+05 6.44e+...          None   
442  LINESTRING (8.78e+05 6.44e+06, 8.78e+05 6.44e+06)          None   
497  LINESTRING (8.78e+05 6.44e+06, 8.78e+05 6.44e+...          None   
511  LINESTRING (8.78e+05 6.44e+06, 8.78e+05 6.44e+...          None   
512  LINESTRING (8.78e+05 6.44e+06, 8.78e+05 6.44e+...          None   
513  LINESTRING (8.78e+05 6.44e+06, 8.78e+05 6.44e+...          None   
514  LINESTRING (8.78e+05 6.44e+06, 8.78e+05 6.44e+06)          None   
515  LINESTRING (8.78e+05 6.44e+06, 8.78e+05 6.44e+...          None   
516  LINESTRING (8.78e+05 6.44e+06, 8.78e+05 6.44e+06)          None   
517  LINESTRING (8.78e+05 6.44e+06, 8.78e+05 6.44e+...          None   
551  LINESTRING (8.78e+05 6.44e+06, 8.78e+05 6.44e+...          None   
555  LINESTRING (8.78e+05 6.44e+06, 8.78e+05 6.44e+...          None   
614  LINESTRING (8.78e+05 6.44e+06, 8.78e+05 6.44e+...          None   
643  LINESTRING (8.79e+05 6.44e+06, 8.79e+05 6.44e+...          None   
644  LINESTRING (8.78e+05 6.44e+06, 8.78e+05 6.44e+...          None   
653  LINESTRING (8.79e+05 6.44e+06, 8.79e+05 6.44e+...          None   
654  LINESTRING (8.79e+05 6.43e+06, 8.79e+05 6.43e+06)          None   
655  LINESTRING (8.79e+05 6.43e+06, 8.79e+05 6.43e+...          None   
656  LINESTRING (8.79e+05 6.43e+06, 8.79e+05 6.43e+06)          None   
658  LINESTRING (8.79e+05 6.43e+06, 8.79e+05 6.43e+...          None   
659  LINESTRING (8.79e+05 6.43e+06, 8.79e+05 6.43e+06)          None   
660  LINESTRING (8.79e+05 6.43e+06, 8.79e+05 6.44e+...          None   
661  LINESTRING (8.79e+05 6.43e+06, 8.79e+05 6.43e+06)          None   
662  LINESTRING (8.79e+05 6.43e+06, 8.79e+05 6.43e+...          None   
663  LINESTRING (8.79e+05 6.43e+06, 8.79e+05 6.43e+06)          None   
666  LINESTRING (8.8e+05 6.44e+06, 8.8e+05 6.44e+06...          None   

    l1_rp_spec l2_adaptation_exp l2_adaptation_vul l2_rp_spec l3_adaptation  \
2         None             4.000              None          L          None   
10        None             0.500              None          L          None   
201       None             0.500              None          L          None   
202       None             4.000              None          L          None   
204       None             4.000              None          L          None   
205       None             4.000              None          L          None   
207       None             4.000              None          L          None   
208       None             4.000              None          L          None   
211       None             4.000              None          L          None   
212       None             1.000              None          L          None   
213       None             0.500              None          L          None   
215       None              None              None       None          None   
216       None              None              None       None          None   
217       None              None              None       None          None   
218       None              None              None       None          None   
219       None             0.500              None          L          None   
220       None              None              None       None          None   
221       None              None              None       None          None   
222       None              None              None       None          None   
265       None             2.000              None          L          None   
356       None             4.000              None          L          None   
401       None             0.500              None          L          None   
402       None             0.500              None          L          None   
403       None             2.000              None          L          None   
404       None             4.000              None          L          None   
405       None             0.500              None          L          None   
406       None             0.500              None          L          None   
433       None             0.500              None          L          None   
434       None             4.000              None          L          None   
442       None             4.000              None          L          None   
497       None             0.500              None          L          None   
511       None             4.000              None          L          None   
512       None             4.000              None          L          None   
513       None              None              None       None          None   
514       None              None              None       None          None   
515       None              None              None       None          None   
516       None              None              None       None          None   
517       None             0.500              None          L          None   
551       None             0.500              None          L          None   
555       None             0.500              None          L          None   
614       None             4.000              None          L          None   
643       None             4.000              None          L          None   
644       None             1.000              None          L          None   
653       None             2.000              None          L          None   
654       None             2.000              None          L          None   
655       None             4.000              None          L          None   
656       None             4.000              None          L          None   
658       None             1.000              None          L          None   
659       None             0.500              None          L          None   
660       None             2.000              None          L          None   
661       None             2.000              None          L          None   
662       None             1.000              None          L          None   
663       None             0.500              None          L          None   
666       None             4.000              None          L          None   

    l3_rp_spec l4_adaptation l4_rp_spec  
2         None          None       None  
10        None          None       None  
201       None          None       None  
202       None          None       None  
204       None          None       None  
205       None          None       None  
207       None          None       None  
208       None          None       None  
211       None          None       None  
212       None          None       None  
213       None          None       None  
215       None          None       None  
216       None          None       None  
217       None          None       None  
218       None          None       None  
219       None          None       None  
220       None          None       None  
221       None          None       None  
222       None          None       None  
265       None          None       None  
356       None          None       None  
401       None          None       None  
402       None          None       None  
403       None          None       None  
404       None          None       None  
405       None          None       None  
406       None          None       None  
433       None          None       None  
434       None          None       None  
442       None          None       None  
497       None          None       None  
511       None          None       None  
512       None          None       None  
513       None          None       None  
514       None          None       None  
515       None          None       None  
516       None          None       None  
517       None          None       None  
551       None          None       None  
555       None          None       None  
614       None          None       None  
643       None          None       None  
644       None          None       None  
653       None          None       None  
654       None          None       None  
655       None          None       None  
656       None          None       None  
658       None          None       None  
659       None          None       None  
660       None          None       None  
661       None          None       None  
662       None          None       None  
663       None          None       None  
666       None          None       None  

[54 rows x 23 columns]","Empty GeoDataFrame
Columns: [osm_id, asset, name, gauge, electrified, voltage, bridge, maxspeed, service, tunnel, other_tags, railway:traffic_mode, usage, geometry, l1_adaptation, l1_rp_spec, l2_adaptation_exp, l2_adaptation_vul, l2_rp_spec, l3_adaptation, l3_rp_spec, l4_adaptation, l4_rp_spec]
Index: []

[0 rows x 23 columns]","Empty GeoDataFrame
Columns: [osm_id, asset, name, gauge, electrified, voltage, bridge, maxspeed, service, tunnel, other_tags, railway:traffic_mode, usage, geometry, l1_adaptation, l1_rp_spec, l2_adaptation_exp, l2_adaptation_vul, l2_rp_spec, l3_adaptation, l3_rp_spec, l4_adaptation, l4_rp_spec]
Index: []

[0 rows x 23 columns]"
4,"{'l1': None, 'l2': {}, 'l3': {}}","{'l1': {0: 266240624.64660648}, 'l2': {}, 'l3': {}}","{'l1': {}, 'l2': {'flood_DERP_RW_H_4326_2080430240': {666: 0}, 'flood_DERP_RW_H_4326_2080430320': {2: 0, 204: 0, 205: 0, 207: 0, 208: 0, 211: 0, 265: 0, 356: 0, 402: 0, 405: 0, 434: 0, 442: 0, 511: 0, 512: 0, 551: 0, 643: 0, 654: 0, 655: 0, 656: 0, 661: 0}, 'flood_DERP_RW_L_4326_2080428500': {204: 1594968.4524572082, 213: 66037202.35583676, 219: 1387538.4274486657, 433: 41574805.73438501}, 'flood_DERP_RW_L_4326_2080430240': {614: 41317041.04294217, 666: 39686165.16514043}, 'flood_DERP_RW_L_4326_2080430320': {2: 4134694.437478921, 10: 262681.1685036276, 201: 10859724.452959139, 202: 299173.32580601075, 204: 767642.5795997219, 205: 658260.9996527198, 207: 3435263.065369164, 208: 2324461.810383097, 211: 2032703.0208157734, 212: 4240037.452192925, 265: 74343844.77759762, 356: 116631917.08385745, 401: 71329.8338076644, 402: 2453819.7147517903, 403: 108381909.46295053, 404: 105076392.81565359, 405: 5515168.5234063575, 406: 88331.98702621649, 434: 2443616.56496665, 442: 6439598.937348762, 497: 340659.8923101713, 511: 2301444.2033063993, 512: 4109989.7943435423, 517: 10711224.009689769, 551: 5881838.176693614, 555: 2062872.0810333905, 614: 2610846.4827675982, 643: 3919984.8070857655, 644: 9192601.021685103, 653: 35935238.91092018, 654: 313886.9181808413, 655: 48911292.357946165, 656: 312736.95368203486, 658: 10795803.078756021, 659: 527091.6513089606, 660: 36252882.364684165, 661: 313249.6108490456, 662: 10669858.015503628, 663: 529591.6069363615, 666: 3352417.274445254}, 'flood_DERP_RW_M_4326_2080430240': {614: 0, 666: 0}, 'flood_DERP_RW_M_4326_2080430320': {2: 0, 10: 0, 201: 0, 202: 0, 204: 0, 205: 0, 207: 0, 208: 0, 211: 0, 212: 0, 265: 0, 356: 0, 402: 0, 403: 0, 404: 0, 405: 0, 434: 0, 442: 0, 497: 0, 511: 0, 512: 0, 517: 0, 551: 0, 614: 0, 643: 0, 644: 0, 653: 0, 654: 0, 655: 0, 656: 0, 661: 0, 662: 0, 666: 0}}, 'l3': {}}","{'l1': None, 'l2': {}, 'l3': {(219651487, 111997047): 131533051.09582536}}","{'l1': None, 'l2': {}, 'l3': {}}"
